0.0043717659380212,-0.10747759997157,-0.0235740964285907
0.0194182591834055,-0.131466859429535,9.78969525275334
-0.0052257548480242,-0.118234513520391,9.79903552160529
0.0136879210979799,-0.118510994497295,9.77139418904099
-0.00828488948044072,-0.135012732581526,9.79349071655667
0.00274026301372481,-0.0966585650352226,9.7892529626323
0.0211490124866707,-0.124162450705883,9.80098267832647
0.00105001840571768,-0.150180785615273,9.79423305594243
0.016236959624721,-0.134295163931525,9.76942370258728
-0.00548549710056305,-0.16315798463962,9.81072038663393
0.00271209425376089,-0.123051052645474,9.79760102309744
-0.00643022127375874,-0.129294528374369,9.7970882676106
0.0097306936406719,-0.136271896100342,9.80251364000981
-0.000839847472949053,-0.123824492585448,9.78911543662707
-0.00324408230741654,-0.104042737071242,13.1069868754011
-0.00150670744708755,-0.140100137089828,18.7073900646834
-0.0134607475429126,-0.118666670720683,21.9799379952576
-0.0041741405082433,-0.137289559835687,24.7455787063224
0.000550477063123075,-0.0969633868200651,26.8501198856647
-0.0356460211151912,-0.130960372592078,28.6775801661004
0.0183826480683234,-0.11911310553625,30.2001174915582
-0.0256900590224113,-0.113336646664642,31.2289276891965
-0.000725015986242897,-0.110853249062552,32.1933268159717
0.00778541983287018,-0.14653902466298,33.183555233797
0.00436892472527747,-0.119842939884495,33.8978929502707
0.00235164484067195,-0.128499811547491,34.3349816471182
-0.0145109313307044,-0.096701282266657,34.716171056776
-0.00168276166726498,-0.12209832425375,35.0552997478171
0.00952015913142836,-0.126669428086208,35.2138479204161
0.000394899782965093,-0.120716703305469,35.4181055799068
-0.00230482844902318,-0.151750059203114,35.5859498662529
-0.00152631072046446,-0.123467008341559,35.7681974425825
0.00642268973558428,-0.119502943168783,35.89889674807
-0.0133253487141765,-0.116582856856911,36.0033325352107
0.00893887471633751,-0.0976087992122179,36.1054470207241
0.013180076926073,-0.142706159107973,36.1980954772858
-0.0104949211423828,-0.137316961745103,36.2872759702379
-0.00883903584766399,-0.117793073194145,36.3981190759354
0.0175459633788855,-0.13595654071456,36.4970297159728
-0.0127721240202606,-0.115090578542019,36.5653827993561
0.0285179576922893,-0.101611648680307,36.6994883051867
0.004574160071005,-0.100117755983505,36.7679812140394
-0.00508454604506889,-0.135806708188064,36.8760870194754
-0.0043353126613166,-0.121462665712731,36.9964348680444
-0.0055392978065794,-0.117321755806499,37.063653849712
-0.00817327819972246,-0.137113950301645,37.1570911983913
0.0028443777046032,-0.107962776655027,37.2495588632757
0.0091025971942481,-0.115845623149195,37.3442879602719
-0.00254842142052521,-0.126615586918258,37.4298141375355
0.00236412341839034,-0.102670812659514,37.553515791695
0.00182553461330174,-0.118462983420495,37.6281789022941
0.000303355255195764,-0.135330809217321,37.7481485491184
0.00339531169611241,-0.133519231884086,37.8497800527769
0.0142036276043872,-0.12113909502228,37.9474068199406
0.0146065583604257,-0.0991398702600325,38.0092798439124
0.00221640215687508,-0.129917963530243,38.100621303881
-0.00622954603691135,-0.140995225207729,38.1956066962242
0.000124394645001596,-0.145815469899062,38.3387969259048
0.00993240140344667,-0.124857034526075,38.3994719185078
-0.000102259982139906,-0.109140499421772,38.5193278550288
0.0181228538928553,-0.0944600830497671,38.6252510689398
-0.0215719703856228,-0.0842226392914852,38.7005623772706
-0.0251521665170988,-0.134518886054105,38.8051959727869
-0.00275935088998196,-0.101551695521369,38.8721593580602
0.0121837648260793,-0.106115081516998,38.9939578234195
0.0021348415350311,-0.110931636879327,39.094946843143
0.0187757330957864,-0.13282542380445,39.2598435378561
0.000330499731660413,-0.121525356343654,39.4342860415499
0.00104699251173395,-0.104377686497994,39.600678264087
0.00251135808805058,-0.118955040816078,39.7225912165594
-0.000600136470636684,-0.133661824354771,39.9331943757627
-0.00671459539937816,-0.106898259396507,40.1142404032064
0.0044072558893612,-0.131744435017944,40.1408003505256
-0.000126427679361306,-0.106837495651935,40.1557189771102
0.00264603175040687,-0.136464177258094,40.1519814208866
-0.00786299222761833,-0.143697041210801,40.1647798624374
-0.00622282532317966,-0.116837925008943,40.1477217015767
0.0156979016008352,-0.127595459902321,40.1929180393202
0.0027090007357338,-0.122956803623531,40.156756498647
-0.0221190600967065,-0.152881044875741,40.1849780425415
-0.001552264641611,-0.149067912564592,40.1774832230009
-0.00333398745711203,-0.124334539065457,40.2010733691505
-0.0189312561022064,-0.122919156131057,40.1855500779483
-0.0116692971947941,-0.15337704733834,40.2014039444614
0.00580582675073146,-0.12135349671096,40.2218119406415
-0.00242742380121356,-0.126339474000873,40.1900006897356
-0.00264965348378311,-0.10225078763058,40.206643927862
0.0198653362755205,-0.0992178671256035,40.2547571442745
0.00133060978961806,-0.129552311816214,40.2200466655185
-0.0210730592831794,-0.119934308465033,40.2249071640178
0.00262254935047926,-0.140075434782947,40.223737885412
0.00457285300028262,-0.119128847706968,40.2576415258959
0.0104017702074798,-0.129593238557133,40.2355621619429
-0.00873850266690148,-0.122124292779448,40.281499433702
-0.0112614522261273,-0.127630817319327,40.2561694364248
-0.00870662937573608,-0.125273437289627,40.3029462908866
-0.00391913477945369,-0.106795591395767,40.2840339715538
-0.00032232575861038,-0.10057766966703,40.3235009927358
0.00534851027366253,-0.133125573018998,40.2988993365668
0.00339606707961807,-0.111707981410895,40.3017215383154
0.0372585969337147,-0.123432320681376,40.3009702598622
-0.00048783594862874,-0.129642327984437,40.2991277186417
0.0264642019226075,-0.111217060330136,40.3210662376219
-0.00459497245717978,-0.0937030063394286,40.3281320479106
-0.00399138747012846,-0.140180590555287,40.3257401524777
0.0104675363396424,-0.110420436604628,40.3260213022145
-0.00964655371962141,-0.103445578234433,40.332853631401
0.0219981263741432,-0.130930850255096,40.2952162612546
-0.00664609320816197,-0.137167109941476,40.2496596893131
-0.000214261918131664,-0.0992615793441985,40.2136010777871
0.00468547052776665,-0.132216823653916,40.1946199357059
0.00109683271981581,-0.124963969881459,40.1355158594365
-0.00803557559383554,-0.145904434326745,40.1010984483947
0.00120767495012099,-0.101980670585961,40.0591176565539
0.00387206686970976,-0.0975793818696274,40.0120299543812
-0.0154299381460474,-0.147680451226806,40.0076509942335
0.00390881038498937,-0.112540863989725,39.9501166323818
-0.00367340091427,-0.126144319210677,39.9141217195648
-0.00373385245501307,-0.0852431329471028,39.8719633212162
-0.00506100173074576,-0.0973774078928142,39.8617773300841
0.0163861536995562,-0.118280098160156,39.8297902536083
-0.0110551888274809,-0.106343404724499,39.7883118103296
0.00207712042179671,-0.146838075384319,39.7443903312767
-0.0162353068782445,-0.124601350113043,39.6808209996602
0.0146747686947147,-0.120668711623233,39.648464562655
0.0150190123094803,-0.143323374198079,39.626595579323
0.0104773256799962,-0.102533464450127,39.5751374504054
0.00815435058315152,-0.131703130337009,39.5522036019819
-0.00935369249457797,-0.124644051273308,39.542877910832
0.00111730024843767,-0.100666896232097,39.4702662697309
0.000621435734326021,-0.124435497093419,39.425576434367
0.00983895029857963,-0.120756807521831,39.3472185887449
0.00286841158386819,-0.102671227052895,39.3070295935861
0.010087595741353,-0.107887862190887,39.2111139445641
-0.00467794792228637,-0.127076960145114,39.1414227178357
-0.0107812803179522,-0.110529136616911,39.0413924207034
-0.00429689538981203,-0.110539925561998,38.9843334065427
0.00416266959778708,-0.105710145523702,38.8964168146663
-0.00878315014783007,-0.161852562515641,38.8469739621155
0.0110686907913031,-0.12635687332011,38.7480116160538
-0.0181454779926922,-0.119944749735823,38.6831141909372
-0.0261477743128339,-0.131930258640075,38.592076667109
0.00646764858025058,-0.100652476931811,38.5118726324218
-0.00535620514214931,-0.129973343096252,38.447400974952
0.0136830701913424,-0.129849181028803,38.3708860698938
-0.0108472100465603,-0.133795814718444,38.2683799665786
0.0101687035645001,-0.127531710852235,38.2019196155935
-0.00965963500471092,-0.118961928666978,38.1253286638462
0.0145686938296521,-0.124443063323222,38.072319960205
-0.00950995070862453,-0.104806699027066,37.9621001451209
-0.0246712816092892,-0.122426641559276,37.8799071994554
0.011584671226005,-0.12299511196471,37.8148385000379
-0.0401387226121499,-0.116632424548827,37.7270145625177
-0.0109505685523507,-0.155861505707417,37.6558444119087
-0.011775402617817,-0.10031934856174,37.5920093856315
0.00178300268384174,-0.11630561894115,37.4965340133293
-0.0196407930147256,-0.111012542907889,37.3828307634249
-0.0121273043245332,-0.0979594894622467,37.3380900608033
-0.0118975588756076,-0.0856865583656477,37.2925801269892
0.0179849884082119,-0.122777942833397,37.1750216507528
-0.0126311515669385,-0.118629896845068,37.122359777078
-0.00512801413937877,-0.129846298894342,37.0733873161297
0.0136494714397098,-0.109874220192289,36.946411793576
0.0165546135903164,-0.136751641152932,36.8831512567346
0.00202439222413861,-0.112856495572954,36.7975179127255
0.0203266312560445,-0.147985817583645,36.745912642486
-0.00715374100907443,-0.0954245914659091,36.640190627528
0.0138765441996774,-0.170455603599789,36.5806737859128
0.00927808196176971,-0.148798510503473,36.5068439884083
0.0105487252020976,-0.0879069957382141,36.3984628745226
-0.0163490793704294,-0.119877903252661,36.320321615547
0.00680369761972162,-0.118841213347914,36.2541985785637
0.0018525776653983,-0.120850429197631,36.1800386356576
0.0322320840559746,-0.132510663047798,36.0340291047776
-0.00705271214658965,-0.112008723494827,35.8553779111035
0.0165775872226909,-0.13557281539294,35.6764027490251
0.00416618256535731,-0.129436668970713,35.5165460079725
0.00298600291055146,-0.0862566830771512,35.3593208004851
-0.000596022021266039,-0.126104783390683,35.3250801979082
0.0213065427405008,-0.136121131754158,35.3369890315305
-0.00497264892421221,-0.112976495357305,35.2723780384392
-0.00265539104618351,-0.107262372067697,35.244798715433
0.0153394716657163,-0.146073638983179,35.2122191487044
-0.0171556478202641,-0.125001350173488,35.2176695526177
0.0206015919624862,-0.132798042849345,35.1418085063787
-0.00251495235645061,-0.116871716533568,34.9643046824964
0.0311055880236443,-0.0844488460210574,34.8453212122939
0.0157855641590068,-0.11434887978053,34.6983427610515
-0.00774794570533805,-0.10932480801141,34.5271916855109
-0.00875089745785613,-0.121333526935836,34.4015968384768
-0.0279236945343631,-0.117812579229012,34.2528179713967
0.0357280603960262,-0.111337273882629,34.1214293259759
0.0138570447133652,-0.133061987427741,33.988375318454
-0.00462098394141235,-0.111340778009513,33.8886666524566
-0.00594250971318207,-0.0947302782633024,33.856962697394
-0.00636121262959634,-0.124917200928946,33.8181592408232
-0.00897700704867208,-0.131326398820888,33.8093913040292
-0.0060614549811343,-0.103997472204733,33.8015729510106
0.0268668394492761,-0.101246052959998,33.7700065146808
-0.018113734976163,-0.0986878691675994,33.7604310387968
0.00520419777698416,-0.11982700781346,33.7411989677336
-0.00498229241339386,-0.121139905286927,33.7464607703415
-0.0203057336396747,-0.132491644361979,33.6822891957667
-0.027385269160178,-0.11197425671957,33.6774058483822
0.0124501568873111,-0.113280911491336,33.5467010173162
0.00709849298408281,-0.10886216762777,33.4161612259111
-0.0117919398674901,-0.105998132861713,33.2630156547068
0.011723808380773,-0.132005295936486,33.1010066015634
0.00719928504836077,-0.100146639827029,32.9508361451204
0.0106690951455301,-0.146868039539653,32.8409149598736
-0.00298990647825971,-0.126951251642588,32.6511012068197
0.00179040913167058,-0.120960819281975,32.4924765572809
0.00582605096429025,-0.141984420466154,32.3608804407221
0.00600094893298589,-0.100699331678245,32.1986688073957
-0.00328002125970899,-0.136309968937361,32.0291988117351
-0.000882301555972966,-0.136577935850836,31.91288902491
0.0252446852564258,-0.105211817790211,31.7448781006101
0.0338100132936211,-0.135704494175869,31.5823471113568
0.00883450658180187,-0.134948561317864,31.4445584095838
-0.00722270475051092,-0.116583494492218,31.2755022248125
0.015683764977194,-0.105212364085498,31.1276075867063
0.00819993631126564,-0.100679724369421,30.9680559915101
0.0120204230742376,-0.130365953014607,31.011869403351
0.0205446044803816,-0.117432552821844,30.9795162084656
0.00477855634212896,-0.114524535641897,30.9620969356583
-0.0224723304203662,-0.117825818748026,30.9959328592298
0.00302473718812589,-0.116813673032413,30.9535682949497
-0.00939271455861789,-0.138095210518108,30.9769257622774
0.0010470511502628,-0.0965970725563384,30.9838667092945
0.00738407806075228,-0.110162298398411,30.9748901155225
-0.0105464295537415,-0.116651090962343,30.7636543760163
-0.00104841063269562,-0.105641035569793,30.5444254623554
-0.00397672095282003,-0.0664979484099177,30.330309850634
-0.00776048083933757,-0.120731020296481,30.0879360155152
0.0280780772663301,-0.129911094308808,29.9006165728682
-0.00327933056977931,-0.132475458970884,29.6633325506355
-0.000179034573980949,-0.11188434037599,29.5679192373933
-0.0175333671876428,-0.132175483526783,29.5358634847247
-0.00902905432241591,-0.109834545170469,29.5605136538168
0.0173350300410898,-0.126887534516748,29.5355173243546
0.0190551858734307,-0.0999602323224597,29.5800145589742
0.0120939398443172,-0.113332826438571,29.5386965475301
0.00975261988634481,-0.142240964379551,29.5104386502126
-0.0195674975096676,-0.139715330827316,29.3350133322304
0.00454429449880548,-0.134834053901633,29.1448900691597
-0.00876573049930801,-0.11476606531544,28.9695415478916
-0.00245636573309909,-0.103911622209611,28.8277987996792
0.0231263222030654,-0.106615168696682,28.6438866138756
-0.0136244644809511,-0.112494317927944,28.4831992479471
0.00632006704731621,-0.117227888815826,28.2810941484327
0.0135562780654878,-0.147888286566948,28.0991552700727
0.00902029393654951,-0.115656497958778,27.9480024821382
0.00796855946746888,-0.12251646784386,27.7451224265444
-0.00984518617289805,-0.133609883981168,27.5622176797566
-0.0100596027759202,-0.15372295833662,27.3799176071588
0.00620438556771047,-0.0961235638947048,27.2348547023585
-0.0187853045938114,-0.134025264215262,27.0653293738722
-0.00841165594475278,-0.123520599610838,26.8959244236581
0.0146555988147092,-0.117247629861452,26.7054182595268
-0.00527313349651457,-0.107020202671307,26.5401931459953
-0.000929433130834859,-0.132365559825398,26.4641749206877
-0.00544829151267245,-0.139812722959584,26.4396938070543
0.0161034030781489,-0.128297568975627,26.3765610421208
-0.0179439440449344,-0.112865920800749,26.3416179948913
-0.0153941723116411,-0.110331138354369,26.2783763224188
0.0063637666988261,-0.125022771122942,26.2496034214207
0.00557147237412233,-0.137094217755398,26.1867946646563
-0.0138677535684876,-0.135371376836075,26.1628695065586
-0.0197769007293877,-0.109005116678698,26.1070772128369
-0.00171615221210498,-0.118700441548873,25.9343833676479
-0.00802736525948584,-0.105295643645508,25.7846068970784
-0.004662710587185,-0.119604771656061,25.6289931288184
-0.0204353699542428,-0.09984886701657,25.4660704099472
0.00297685412251115,-0.118832969313263,25.3055898823671
-0.00658308647256731,-0.124635375214802,25.1252984378339
-0.0127482378137868,-0.124692312565792,24.9453243707351
-0.00355640722238953,-0.117609363978275,24.8042049910458
0.00691373141473775,-0.107894923834454,24.6510332001571
0.000862678572710392,-0.129759038255136,24.4448122729822
0.0128767269608714,-0.113417985545064,24.2990323637685
-0.00376026666472839,-0.117495712648759,24.1563596944355
-0.0130630381424581,-0.123194870844868,24.0090421481606
-0.00359330144627412,-0.101184055359244,23.8603315698213
-0.00810874319795624,-0.121844186227707,23.7432494452971
-0.0199333824732917,-0.102848484445818,23.6147127569367
0.00591825004882563,-0.113769306493473,23.4935431013823
0.00854981471409414,-0.135135598873163,23.3957611966988
-0.00477636472939092,-0.110100011985143,23.2499499670342
-0.00930008623597654,-0.125426104919849,23.1383280966492
-0.00193349954260519,-0.127052291633392,22.9884819729877
0.0249184482910059,-0.122387823006985,22.888238060723
0.00224317797771826,-0.125127669066221,22.7888526209012
-0.00759655820457218,-0.109396431604757,22.620598178103
0.00719549059922277,-0.107712377664171,22.5280912414094
0.0121246844805119,-0.167150620529972,22.4020523652146
-0.00161890033633317,-0.155100983578175,22.2800431175154
0.0210008029327425,-0.102425041416326,22.1714709923124
0.0143431349445788,-0.13132615621129,22.0533637817634
0.00751164469423028,-0.135105424030367,21.9257124425706
-0.0127282068113114,-0.095340389449475,21.8054113468366
0.0205427313405117,-0.112245728923597,21.6835600438319
0.0163853080314706,-0.0831560231987697,21.5460658441592
0.0283580366387308,-0.158768786534086,21.4526704382489
-0.00793421943684848,-0.111820748888544,21.3337808394528
-0.00407205414086795,-0.100884039228232,21.1887191869472
-0.00403793163130774,-0.132562326486018,21.0661690423585
0.0152358449051621,-0.129027426408345,20.9764469772901
-0.00894610552994988,-0.102450798494953,20.8516993366119
0.00472975473905284,-0.150483464496309,20.6881001577143
0.0070893637917091,-0.0918414530787087,20.5996098744635
-0.00849575255387625,-0.137601474923993,20.469225129773
-0.0168820996459963,-0.146731243422104,20.3526840706265
0.00422633523894088,-0.137474892164779,20.2108566211556
-0.0122699671933587,-0.124335021021072,20.1016017793898
-0.00432797012583037,-0.108787509581886,19.9576257936452
0.0260271557292393,-0.123624763991358,19.8323077790434
0.00665397316967588,-0.159024022497061,19.7341576415998
0.0228283798930186,-0.120535758540043,19.5162064857706
-9.0445489950806e-05,-0.119154089407542,19.3101489740303
0.0218562835774603,-0.113476907230563,19.1275877002195
-0.027716855857325,-0.142537044124252,18.9470907077233
0.0157292190621995,-0.136001553048938,18.714782702478
0.0121960306560536,-0.137387102246827,18.5073170804988
0.00877669473612101,-0.111099922418435,18.3007887971022
-0.0163418111518546,-0.113210024019693,18.0950068978938
-0.0193516722947209,-0.120027129009564,17.8844975006531
0.00350239568213311,-0.0728928822968068,17.6682204637626
-0.000335635916728711,-0.138042779831951,17.4749186591672
0.00118996557127516,-0.108013207126369,17.249118992269
0.00180580703106408,-0.124581402006567,17.0628736484104
-0.00831876102309335,-0.124254672156108,16.8375260471492
0.00579981499152896,-0.115527620910783,16.6577227165053
-0.00396894938627184,-0.11901629768128,16.4581035932115
-0.0159896479179034,-0.126148171510314,16.2466535017812
-0.0133720642194797,-0.100363749962702,16.0256067252855
0.0103416752459469,-0.103650785096352,15.8140629533126
0.0247351604015687,-0.141799895674063,15.6257994569526
-0.00677107545697466,-0.142635333031708,15.4029344395584
-0.00362361356159077,-0.112341862307466,15.2157728154808
-0.00548044458549264,-0.115859801651489,15.0018567554011
0.0185465957514699,-0.133175236891581,14.7730994805239
-0.0148620267644167,-0.111242953983016,14.5851408325201
-0.00577830219010429,-0.0949648271088039,14.3743747600374
-0.00347737759404963,-0.0862165781508036,14.1689317435123
0.01400432144641,-0.128042829545224,13.9914660540867
0.0084383668002605,-0.105370077311502,13.7471862805217
-0.00706572177209532,-0.156183904857405,13.5343111767922
-0.0177155712164108,-0.116079058887956,13.3580397334724
-0.00220892425879802,-0.116691883993978,13.1417587321165
0.00300489944192871,-0.129356780350846,12.912273814867
0.00936303905306702,-0.103498451924116,12.7279892998139
0.0017538650583818,-0.130908367880402,12.5160108942247
-0.020887196014798,-0.0798925138374904,12.3067621710346
0.00597944354506691,-0.111346433411637,12.0895823769641
0.0210808154965385,-0.0976495381561951,11.9061362197497
0.0229112261598014,-0.129931566993056,11.713334779427
-0.00478958262600787,-0.115568606514475,11.4942727448618
-0.00380214869679633,-0.105348756927012,11.2657000366188
-0.00576178150367075,-0.118705374993449,11.0786143523699
-0.000927731635681488,-0.0958475346167045,10.853717344104
-0.000282938671700594,-0.11895592243218,10.651213209613
0.00107532873793014,-0.102173732719365,10.4428304565258
0.00753200675356719,-0.0982522789581602,10.260235465869
-0.0199255940548747,-0.143914854741754,10.0144544825311
0.00519073432090884,-0.11510555921375,9.82184129924735
0.00357868369609204,-0.116248438179704,9.61668784595802
0.00527076319284346,-0.138749634404556,9.41538162449171
-0.00674311674748548,-0.109039059550572,9.19915317725797
0.0129047521206318,-0.123397263572645,9.01224059368633
0.0141232577446479,-0.113761248204752,8.76347087797854
0.00623183645554549,-0.122307181993613,8.56993442877388
0.00738551585700601,-0.112593531709609,8.35947164451069
0.00673808514863819,-0.123971706124656,8.1580948888589
-0.01521496492725,-0.118614129951029,7.97425611603632
-0.00617897999026574,-0.0970552930364542,7.75532775680528
0.00402122184357969,-0.123082780786762,7.63779031376179
-0.0188756886235252,-0.134335032077637,7.50468617840509
7.61714055377163e-05,-0.135715508398046,7.34302297678578
-0.0169092668072117,-0.100922542532682,7.24020414760039
0.00270656627081849,-0.118104072121004,7.07611897133348
-0.00759879257945867,-0.115706222249473,6.94276612305775
0.0132000394258915,-0.101335223821815,6.80766581779686
-0.0021506948330658,-0.111143042310759,6.66160796514194
-0.022189078307903,-0.114641700127283,6.55775931108634
-0.0311494790976528,-0.136585604378135,6.3802131642292
0.016686904929717,-0.139222327810373,6.23249244231675
-0.00286860540169831,-0.11606332724043,6.10416304466367
0.00900075618063758,-0.107533948656876,5.97639005149924
-0.00400094075679477,-0.124017697834198,5.84378512687441
0.016499438160413,-0.107182232866288,5.69115913582532
-0.0147198772415297,-0.122284733812936,5.55883686978657
-0.00424451109065935,-0.107461236939518,5.39954345607498
-0.0106749791530456,-0.0984836686705998,5.26778611268596
-0.0187628064479483,-0.13505015204139,5.1337992553168
-0.0220983321212737,-0.113861735229601,4.99218801049218
-0.025347399023626,-0.123269288665631,4.82059046775277
0.0122245212657166,-0.117051359082503,4.71314237993369
0.00235654039453777,-0.109666290865321,4.60746790399079
0.011453760153144,-0.122810440069783,4.49559571437005
0.0106115359527875,-0.134672386281729,4.38150008635447
0.0113737381967041,-0.125260516745537,4.33777743021887
0.00649469374379911,-0.120725113444632,3.51110153105597
-0.0308437439985457,-0.155328123344301,3.4407405614038
0.00301283073517937,-0.110151948638962,3.33468357262127
-0.0137526444784831,-0.132285817875227,3.23855105506638
0.00100826625165408,-0.15664333970959,3.10028533793291
0.0195638319142703,-0.13517883231777,3.00154268859603
-0.00620589849731887,-0.108318743620377,2.91444731556192
-0.00135063508703442,-0.138948160574227,2.78689530709208
-0.00426561846847707,-0.140441461558081,2.68840720885821
0.00673975198446907,-0.127689392515591,2.60383290220895
0.0410047449682242,-0.104637533496165,2.46583095657298
-0.0116731842944909,-0.110898910752893,2.37984068635274
-0.0141228233646562,-0.116532168329644,2.31839165155657
-0.00762867807470963,-0.12800708748193,2.20285511231577
0.0184500489491397,-0.107259179146643,2.08330164413514
-0.00547053735897214,-0.117791000074693,2.00486434046308
0.00314684139407962,-0.142177770320028,1.86034468192638
-0.00383303409927995,-0.129987990995059,1.76963974091119
0.000711029796882922,-0.159556099570681,1.66751104155666
0.0179585245559322,-0.111714587001377,1.57174810243589
-0.00850957461700668,-0.123956425644695,1.4794173020681
-0.00472872792609126,-0.102410862056262,1.36206483728969
-0.0132734005077655,-0.132931179650316,1.33330221162407
-0.00336470196407012,-0.129338015248251,1.25371178804278
-0.00662906495087649,-0.111392072832575,1.19100927386373
0.0157152168802768,-0.113362255432883,1.11491667828462
0.0052482592987238,-0.114969665540055,1.08920421467744
0.00854116306949632,-0.117958116726907,1.02993119487565
0.00835142266744387,-0.10700064987024,0.970872996424867
0.00279892500158479,-0.132475351601202,0.951480159346003
-0.00826449075108193,-0.0991747772808853,0.83502157678751
-0.0027126093466992,-0.0980343059617504,0.800648763450385
0.0285663232340474,-0.110100629283787,0.756436209937083
0.0157088829575603,-0.146358713814905,0.703647936228261
0.00331158902461459,-0.0998714915060788,0.614245723750737
-0.0141171349931169,-0.148918138959402,0.557092453411594
0.01032674763402,-0.127275921722905,0.512624092442869
0.0101999098982082,-0.124415042625335,0.484521576950981
-0.00290410191487644,-0.139856017495813,0.431433687969691
0.00363934670268126,-0.120348593840357,0.342434334787616
-0.00841916979880229,-0.120136970131403,0.287214586778604
-0.0121670992354763,-0.128515391650178,0.244646560861073
-0.0137925081180492,-0.124626974881471,0.183094584534091
0.0138006997078701,-0.107445545300864,0.100618349451779
-0.00832644346129317,-0.127257941132442,0.0912696207277862
-0.00153911321880609,-0.116447334003149,0.0198294753590602
-0.00945136405887975,-0.126899845925584,-0.0389446242018264
-0.00637350464155437,-0.0997139326902727,-0.0563697708019325
-0.00992317699592276,-0.110142519099629,-0.0717145073963253
-0.000256866770316624,-0.124933773042405,-0.118859154096423
0.0131487623958637,-0.147278445881701,-0.0758716574565337
-0.0104635660237826,-0.124482445861329,-0.0963600259473884
0.00436884511211994,-0.0946629455539784,-0.116438578652785
0.0170369189019732,-0.143096301010782,-0.0873724152067021
0.0187356577647781,-0.140779558914271,-0.0489444175559757
-0.0282051692233442,-0.117716564283121,-0.0731437157508008
0.00479116392398415,-0.111322071634733,-0.0651290535114016
0.00408726354746703,-0.116653277728516,-0.0923497337570114
-0.00295374563125942,-0.121994477646196,-0.0623373568731758
0.0153020387969672,-0.0929997146622189,-0.0624574060489397
-0.0292350441067221,-0.139859139205268,-0.0501694874234994
0.0126214084677201,-0.122597110499935,-0.105178060722494
0.0092363026639273,-0.135744670154977,-0.0949224629408286
-0.0151976046188809,-0.0921551452393866,-0.103494586246179
0.00259276218185641,-0.123367937434696,-0.0837459841521473
0.0141785595610542,-0.147492721477399,-0.0310744941744688
0.00306518110299664,-0.0922435408503539,-0.0496808421473159
-0.0206505613070887,-0.111243530900889,-0.0600130461005808
-0.000476434469841172,-0.155514349305771,-0.0526423137021622
-0.0088721591044891,-0.130086243055591,-0.0375919028290296
-0.00566207940568201,-0.10683190987524,-0.0426600691848124
0.00223101257944977,-0.129893664219083,-0.0251572323365949
-0.00529364307420948,-0.103267277895165,-0.0809532792489543
-0.00703756269919515,-0.125026809215963,-0.0751806277018425
0.016935101805547,-0.102762947974176,-0.0497327663233462
0.00492271863001626,-0.115078812932912,-0.0595843702218694
0.00150468762623944,-0.120067058985007,-0.0382845837386136
-0.0122059113000259,-0.125428435410197,-0.0503754849116518
-0.0115572214986271,-0.108236910537742,-0.0541426179384742
0.0161967362064641,-0.141170428348735,-0.0649715078266785
-0.00365969069788916,-0.116520968244992,-0.0415456008382397
0.00495642768646423,-0.105270950372575,-0.0678991323828218
-0.0133141716397507,-0.114353246476553,-0.0442637636129683
-0.020571455993107,-0.126698485376291,-0.0617064024039394
-0.00125125671875238,-0.105827242805982,-0.0543513619199945
-0.00281955885772662,-0.143918909891352,-0.0292872305075138
-0.0237990879848426,-0.0978259329422488,-0.0202498586729088
-0.0131015405459507,-0.140377861551025,-0.0621707399324863
0.00280572969105581,-0.120994938934034,-0.0543752397757807
0.00236451747194858,-0.0999929782595917,-0.0403960225018144
-0.0123730266346914,-0.112797871004471,-0.0571793888321925
-0.00056470383735847,-0.129589537338883,-0.0655707620684534
-0.00076620632962616,-0.0979605494605996,-0.0343456546114967
0.00110860633299099,-0.111957739934242,-0.0599211797183576
6.22784455557182e-05,-0.107939925985249,-0.0459834170261942
0.014053243217012,-0.129810139098318,-0.0384297792829451
0.0260356970793673,-0.0874889637447199,48.2327798264315
0.0308370101313227,-0.119038256019608,-0.614612532517786
0.0132141780973819,-0.115735358574971,-0.581435349327323
0.0108917781526582,-0.0968309364440565,-0.600237428836124
-0.00265328579019444,-0.120632024915499,-0.567836848270607
-0.0010544179719231,-0.089585267720226,-0.533270929516385
-0.0107730659162178,-0.13279600326,-0.540459667757244
-0.00600652412959187,-0.132743724630294,-0.603222742382797
-0.0111782959146555,-0.135302960595186,-0.590215470185944
0.0196116973906784,-0.0848698042829415,-0.577031655053318
-0.000727006078340117,-0.125765946461749,-0.564726364930096
0.0110069569977555,-0.113390693535987,-0.560088236642993
0.016672266101402,-0.122519326635649,-0.587801738816803
0.0159809594830934,-0.0956785730620271,-0.562995693324398
0.0200060758524077,-0.115799652678277,-0.56163089597887
0.00613094228146604,-0.137066415565609,-0.579057427223447
0.000532179442347891,-0.113254814509364,-0.549458541458082
-0.0312312094617958,-0.0952337786955155,-0.58000788014619
-0.000526742218814618,-0.110822790644321,-0.560937444723997
-0.00944912949543438,-0.130410485458653,-0.562484952294109
0.0171115995494525,-0.092062111678914,-0.563084635707228
0.0215623251757519,-0.126962338275127,-0.578335803908239
0.0138409469715959,-0.111612426913766,-0.558076550253456
0.00648895297498215,-0.103587700880947,-0.546463384547706
-0.0136620741116315,-0.119950644054666,-0.56507165938922
0.00452376768558237,-0.0997879264189199,-0.527836301728329
0.0108515451366724,-0.120055966746473,-0.545327746864904
0.0104605948968438,-0.10203717724293,-0.537201945368131
-0.0203311038051238,-0.121154636097437,-0.550524736789086
-0.00570178276532323,-0.101573727197548,-0.53497578789752
0.0236047568781842,-0.0990193412631815,-0.556049627858221
-0.00856178488522427,-0.138426398887185,-0.50770578044407
0.00267103197953381,-0.135604233344452,-0.545487901757615
0.00785456425175446,-0.121764501672192,-0.516611528652936
0.0175860997708182,-0.110342021657001,-0.550816288092512
-0.0114385633974227,-0.0955547467629943,-0.522433476886469
0.0112369485930493,-0.130554967277393,-0.524853440064898
0.00252406089193647,-0.086919703878865,-0.530192104598991
0.0168355973102916,-0.142217056967,-0.508175697881382
0.00493519133233867,-0.104778004812015,-0.519988935860731
0.0139487986460959,-0.13793568062463,-0.507536426106936
0.00530672895212658,-0.13847165931415,-0.52243786585015
0.00194111703498877,-0.121695637239737,-0.532251116070863
-0.0157959381850533,-0.107594876244082,-0.498494646066354
0.00111708419538234,-0.120127686377374,-0.5074392710191
0.014114804669749,-0.110955866870161,-0.533032490362106
0.0188563178815814,-0.130941336162695,-0.513622666609983
0.00915582739297979,-0.120830229078125,-0.530597441359258
0.0144562346861758,-0.106681125030774,-0.518255552657631
0.0017117599891642,-0.0999372014084153,-0.522149034068693
-0.0111121006577929,-0.0923649998761348,-0.497487180514289
-0.0110989749683615,-0.116987996296098,-0.504171363627484
0.0036668339398564,-0.116467277258591,-0.484533820044092
-0.0126714729751002,-0.139606661895277,-0.489061990432943
0.00728742827387131,-0.134332712893745,-0.501100720231069
0.000800685250321858,-0.116438268044929,-0.491996739864392
-0.0073547443717503,-0.114024375468029,-0.521548227579368
0.0101456174537543,-0.133583395344616,-0.512753736965796
-0.00772316277721331,-0.0931784931510876,-0.508372995851392
0.0118462577149255,-0.108961904296607,-0.45253043922575
-0.0149184304707005,-0.124830873666826,-0.491872881788178
-0.00460939565059671,-0.127581153189036,-0.475835415378515
0.00371092314849079,-0.116192334967863,-0.47747230663054
0.00141430814699604,-0.119205464735842,-0.493337735902149
0.00609339192228449,-0.127396847108001,-0.463834343020741
0.0423872744578849,-0.125903630978557,-0.461498708056199
-0.00084154649230262,-0.101724909601786,-0.475934851235819
-0.0105944057688504,-0.139116512137414,-0.492034296436096
-0.0115517269164205,-0.13090983880834,-0.462850992822636
0.000717953799583584,-0.116317479318425,-0.459289171307899
0.00988253694743976,-0.12053091538856,-0.473713085545015
-0.00590305552614039,-0.135273926607152,-0.474505270803516
-0.00481406432395271,-0.151597656009047,-0.479158019907066
0.024940651120105,-0.092002515112074,-0.499304834775544
0.0108075257473919,-0.124089113365261,-0.460523437469478
-0.0115053508265762,-0.118493497939588,-0.447711247680383
-0.0188818096486033,-0.119890669554359,-0.47534694241117
0.0170949418953349,-0.124318342279947,-0.455776430627335
-0.00399394945965168,-0.121519416833271,-0.469688765057889
-0.00564276364489452,-0.0695073090413027,-0.447340125176143
0.00237388045514658,-0.141257265549995,-0.471840771212326
0.00796082654131086,-0.113038750416368,-0.437833858176654
0.00399246855664954,-0.131614559277959,-0.459426390245374
-0.00761735853080727,-0.0930351127296365,-0.437692142450953
0.0207294641460463,-0.0868667511665862,-0.436562895536324
0.0190709167799771,-0.147331326163216,-0.447217622612853
-0.00250043114167756,-0.0819690794161722,-0.449927571861059
0.0143047098303873,-0.148972499919688,-0.437053457474488
-0.0179801073412918,-0.14654236313309,-0.442892965291917
0.0161331618511745,-0.0892074522803355,-0.434747196445298
-0.0106344970533388,-0.126442248600608,-0.453049425427438
-0.00335083968559027,-0.130851204188584,-0.448155185506473
-0.00927661515288189,-0.12554739727485,-0.455520214910495
0.000807943688765569,-0.130506238321327,-0.401499783388612
0.00295747219114561,-0.130923175677287,-0.426260099517748
0.0135991327385526,-0.106266219488361,-0.425842157880149
0.0145182430027042,-0.111260670063136,-0.432382780562116
0.00271439956743506,-0.143542057549947,-0.432344710915557
0.00162753047722656,-0.096825514003955,-0.420506937748036
-0.00275587988545325,-0.123240333521341,-0.432367749165288
-0.00450630573113298,-0.17108686142863,-0.420547173295524
-0.000397173166176255,-0.126994345714265,-0.412874023591572
-0.00429772623017416,-0.116542231035112,-0.435474523835902
-0.00206196845805071,-0.128314908018761,-0.404978666611317
0.020656658251651,-0.10757788175518,-0.419895935356416